A1.AU.x.PS1044_Day0.DQ676872,A1
A1.GE.99.99GEMZ011.DQ207944,A1
A1.KE.00.KER2008.AF457052,A1
A1.KE.00.KER2009.AF457053,A1
A1.KE.00.KER2012.AF457055,A1
A1.KE.00.KNH1144.AF457066,A1
A1.KE.00.KNH1199.AF457067,A1
A1.KE.00.KNH1207.AF457068,A1
A1.KE.00.KNH1209.AF457069,A1
A1.KE.00.KNH1211.AF457070,A1
A1.KE.00.KSM4024.AF457077,A1
A1.KE.00.KSM4030.AF457079,A1
A1.KE.00.MSA4069.AF457080,A1
A1.KE.00.MSA4070.AF457081,A1
A1.KE.00.MSA4072.AF457083,A1
A1.KE.00.MSA4076.AF457084,A1
A1.KE.00.MSA4079.AF457086,A1
A1.KE.00.NKU3005.AF457089,A1
A1.KE.86.ML170_1986.AF539405,A1
A1.KE.94.Q23_17.AF004885,A1
A1.KE.97.ML013_2.AY322185,A1
A1.KE.97.ML605_3.AY322190,A1
A1.KE.97.ML752.AY322193,A1
A1.KE.99.KNH1088.AF457063,A1
A1.KE.99.KNH1135.AF457065,A1
A1.KE.99.KSM4021.AF457075,A1
A1.KE.x.ML1901PCR2.EU110095,A1
A1.KE.x.ML1945.EU110088,A1
A1.KE.x.ML1990PCR.EU110097,A1
A1.KE.x.ML1990.EU110092,A1
A1.KE.x.ML2014.EU110094,A1
A1.KE.x.ML752.EU110085,A1
A1.RU.00.RU00051.EF545108,A1
A1.RU.03.03RU20_06_13.AY500393,A1
A1.RW.92.92RW008.AB253421,A1
A1.RW.92.92RW025A.AB287376,A1
A1.RW.93.93RW037A.AB287379,A1
A1.RW.93.93RW_024.AY713406,A1
A1.SE.94.SE7253.AF069670,A1
A1.SE.94.SE7535.AF069671,A1
A1.SE.95.SE8538.AF069669,A1
A1.SE.95.SE8891.AF069673,A1
A1.SE.95.UGSE8131.AF107771,A1
A1.TZ.01.A173.AY253305,A1
A1.TZ.01.A195.AY253306,A1
A1.TZ.01.A341.AY253314,A1
A1.TZ.97.97TZ02.AF361872,A1
A1.TZ.97.97TZ03.AF361873,A1
A1.UA.00.98UA0116.AF413987,A1
A1.UA.01.01UADN121.DQ823358,A1
A1.UA.01.01UADN139.DQ823357,A1
A1.UA.01.01UAKV254.DQ823361,A1
A1.UA.01.01UAOD10.DQ823365,A1
A1.UA.01.01UAOD35.DQ823366,A1
A1.UA.01.01UAOD89.DQ823367,A1
A1.UA.01.01UAPol293.DQ823359,A1
A1.UA.01.01UAPol294.DQ823356,A1
A1.UA.01.01UAPol303.DQ823360,A1
A1.UG.85.U455.M62320,A1
A1.UG.92.92UG037.AB253429,A1
A1.UG.92.92UG_029.AY713407,A1
A1.UG.92.UG029.AB098333,A1
A1.UG.98.98UG57134.AF484507,A1
A1.UG.98.98UG57135.AF484508,A1
A1.UG.98.98UG57136.AF484509,A1
A1.UG.98.98UG57142.AF484512,A1
A1.UG.99.99UGA07072.AF484478,A1
A1.UG.99.99UGG03379.AF484493,A1
A1.UG.x.UG031.AB098331,A1
A1.UZ.02.02UZ0659.AY829209,A1
A1.UZ.02.02UZ0663.AY829210,A1
A1.UZ.02.02UZ0672.AY829212,A1
A1.UZ.02.02UZ652.AY829203,A1
A1.UZ.02.02UZ694.AY829205,A1
A1.UZ.02.02UZ698.AY829206,A1
A1.UZ.02.02UZ740.AY829208,A1
A2.CD.97.97CDKS10.AF286241,A2
A2.CD.97.97CDKTB48.AF286238,A2
A2.CY.94.94CY017_41.AF286237,A2
B.AR.00.ARMS008.AY037269,B
B.AR.02.02AR114146.DQ383746,B
B.AR.03.03AR137681.DQ383748,B
B.AR.03.03AR138910.DQ383749,B
B.AR.04.04AR143170.DQ383750,B
B.AR.04.04AR151263.DQ383751,B
B.AR.04.04AR151516.DQ383752,B
B.AR.98.ARCH054.AY037268,B
B.AR.99.ARMA132.AY037282,B
B.AU.86.MBC200.AF042100,B
B.AU.87.MBC925.AF042101,B
B.AU.95.MBCC54.AF042103,B
B.AU.96.MBCC98.AF042104,B
B.AU.96.MBCD36.AF042105,B
B.AU.x.1181.AF538302,B
B.AU.x.2870718.AY857022,B
B.AU.x.7894552.AY857127,B
B.AU.x.9125091.AY857165,B
B.AU.x.C24.AF538304,B
B.AU.x.C42.AF538305,B
B.AU.x.C76.AF538306,B
B.AU.x.C92.AF538307,B
B.AU.x.PS1038_Day174.DQ676871,B
B.AU.x.PS2008_Day0.DQ676874,B
B.AU.x.PS2016_Day380.DQ676879,B
B.AU.x.PS2019_Day171.DQ676881,B
B.AU.x.PS3002_Day385.DQ676885,B
B.AU.x.PS4048_Day0.DQ676886,B
B.AU.x.VH.AF146728,B
B.BO.99.BOL0122.AY037270,B
B.BR.02.02BR002.DQ358805,B
B.BR.02.02BR008.DQ358808,B
B.BR.02.02BR011.DQ358809,B
B.BR.02.02BR013.DQ358810,B
B.BR.03.BREPM1023.EF637057,B
B.BR.03.BREPM1024.EF637056,B
B.BR.03.BREPM1027.EF637054,B
B.BR.03.BREPM1028.EF637053,B
B.BR.03.BREPM1032.EF637051,B
B.BR.03.BREPM1033.EF637050,B
B.BR.03.BREPM1035.EF637049,B
B.BR.03.BREPM1038.EF637048,B
B.BR.03.BREPM1040.EF637047,B
B.BR.03.BREPM2012.EF637046,B
B.BR.89.BZ167.AY173956,B
B.CA.96.WC10C_4.AY314056,B
B.CA.97.CANB3FULL.AY779553,B
B.CA.x.GOL016V01.DQ322223,B
B.CA.x.HDM003V01.DQ322227,B
B.CA.x.HND_DRPI039V01.DQ322225,B
B.CA.x.HTM360V05_variant_1.DQ322238,B
B.CN.02.02HNsc11.DQ007903,B
B.CN.02.02HNsmx2.DQ007901,B
B.CN.02.02HNsq4.DQ007902,B
B.CN.05.05CNHB_hp3.DQ990880,B
B.CN.x.CNHN24.AY180905,B
B.CN.x.RL42.U71182,B
B.CO.01.PCM001.AY561236,B
B.CO.01.PCM013.AY561237,B
B.CO.01.PCM034.AY561238,B
B.CO.01.PCM039.AY561239,B
B.CO.01.PCM074.AY561240,B
B.CU.99.Cu19.AY586542,B
B.CU.99.Cu43.AY586543,B
B.DE.86.D31.U43096,B
B.DE.86.HAN.U43141,B
B.DK.x.CTL_016.EF514704,B
B.DK.x.CTL_017.EF514705,B
B.DK.x.CTL_018.EF514706,B
B.DK.x.CTL_023.EF514707,B
B.DK.x.CTL_030.EF514708,B
B.DK.x.CTL_033.EF514709,B
B.DK.x.CTL_035.EF514710,B
B.DK.x.CTL_041.EF514711,B
B.DK.x.CTL_043.EF514712,B
B.DK.x.PMVL_012.EF514699,B
B.DK.x.PMVL_013.EF514700,B
B.DK.x.PMVL_018.EF514697,B
B.DK.x.PMVL_025.EF514702,B
B.DK.x.PMVL_027.EF514698,B
B.DK.x.PMVL_039.EF514703,B
B.DK.x.PMVL_049.EF514701,B
B.EC.89.EC003.AY173959,B
B.EC.89.EC102.AY173960,B
B.ES.89.S61K15.AF256210,B
B.ES.89.U61.DQ854716,B
B.FR.83.HXB2_LAI_IIIB_BRU.K03455,B
B.FR.83.LAI_J19.A07867,B
B.FR.85.pNL43.CS272319,B
B.FR.92.92FR_BX08.AY713411,B
B.GA.88.OYI.M26727,B
B.GB.83.CAM1.D10112,B
B.GB.86.GB8.AJ271445,B
B.GB.x.MANC.U23487,B
B.GE.03.03GEMZ004.DQ207940,B
B.GE.03.03GEMZ010.DQ207942,B
B.IN.x.11807.EF694037,B
B.IT.05.SG1.DQ672623,B
B.JP.00.DR2508.AB289588,B
B.JP.01.DR388.AB289590,B
B.JP.04.04JPDR6075B.AB221125,B
B.JP.04.DR6089.AB286955,B
B.JP.05.DR6538.AB287363,B
B.JP.05.DR6737.AB287364,B
B.JP.05.DR7060.AB287366,B
B.JP.05.DR7065.AB287368,B
B.JP.99.DR1348.AB287370,B
B.KR.04.04KMH5.DQ295193,B
B.KR.04.04LHS6.AY839827,B
B.KR.04.04LSK7.DQ295192,B
B.KR.04.04WK7_HIV_1_wk.DQ295194,B
B.KR.05.05CSR3.DQ837381,B
B.KR.97.WK.AF224507,B
B.MM.99.mSTD101.AB097870,B
B.NL.00.671_00T36.AY423387,B
B.NL.86.3202A21.U34604,B
B.NL.86.H434_8_A3.AY970946,B
B.NL.96.H434_42_A1.AY970948,B
B.RU.04.04RU128005.AY682547,B
B.RU.04.04RU129005.AY751406,B
B.RU.04.04RU139089.AY751407,B
B.RU.04.04RU139095.AY819715,B
B.TH.00.00TH_C3198.AY945710,B
B.TH.90.BK132.AY173951,B
B.TH.96.96TH_NP1538.AY713408,B
B.TH.96.M081.DQ354116,B
B.TH.96.M140.DQ354112,B
B.TH.96.M145.DQ354118,B
B.TH.96.M149.DQ354119,B
B.TH.99.99TH_C1416.AY945711,B
B.TW.94.TWCYS.AF086817,B
B.UA.01.01UAKV167.DQ823362,B
B.UA.01.01UAKV252.DQ823363,B
B.UA.01.01UAKV259.DQ823364,B
B.US.00.14294_1.DQ853436,B
B.US.00.ES1_20.EF363123,B
B.US.04.ES10_53.EF363127,B
B.US.04.ES4_24.EF363124,B
B.US.04.ES8_43.EF363126,B
B.US.83.5018_83.AY835777,B
B.US.83.5157_83.AY835781,B
B.US.83.RF.M17451,B
B.US.83.SF2.K02007,B
B.US.84.5019_84.AY835779,B
B.US.84.MNCG.M17449,B
B.US.84.NY5CG.M38431,B
B.US.84.SF33.AY352275,B
B.US.85.5077_85.AY835769,B
B.US.85.Ba_L.AB221005,B
B.US.86.5084_86.AY835775,B
B.US.86.5096_86.AY835749,B
B.US.86.5127_86.AY835774,B
B.US.86.AD87.AF004394,B
B.US.86.JRFL.U63632,B
B.US.86.YU_2.M93258,B
B.US.87.5113_87.AY835758,B
B.US.87.BC.L02317,B
B.US.88.5160_88.AY835763,B
B.US.88.WR27.AF286365,B
B.US.89.P896.U39362,B
B.US.90.90US_873.AY713412,B
B.US.90.US1.AY173952,B
B.US.90.US2.AY173953,B
B.US.90.US3.AY173954,B
B.US.90.US4.AY173955,B
B.US.90.WCIPR.U69591,B
B.US.90.WEAU160.U21135,B
B.US.91.5048_91.AY835761,B
B.US.91.DH12_3.AF069140,B
B.US.93.WCD32P0793.DQ487188,B
B.US.93.WCM32P0793.DQ487190,B
B.US.94.5082_94.AY835773,B
B.US.94.94US_33931N.AY713410,B
B.US.95.5073_95.AY835768,B
B.US.96.1027_03.AY332237,B
B.US.96.1057_01.AY331292,B
B.US.96.1299_d22.AY308761,B
B.US.96.5155_96.AY835753,B
B.US.97.1001_07.AY331282,B
B.US.97.1006_08.AY331284,B
B.US.97.1012_08.AY331285,B
B.US.97.1013_03.AY331287,B
B.US.97.1018_10.AY331290,B
B.US.97.ARES2.AB078005,B
B.US.98.1058_11.AY331295,B
B.US.98.15384_1.DQ853463,B
B.US.98.98USHVTN1925c1.AY560107,B
B.US.98.98USHVTN3605c9.AY560108,B
B.US.98.98USHVTN8229c6.AY560109,B
B.US.98.98USHVTN941c1.AY560110,B
B.US.98.WC3_0498_4.EF175212,B
B.US.99.PRB959_03.AY331296,B
B.US.x.AC_04_0_Days_Consen_fa.DQ127534,B
B.US.x.AC_16_0_Days_Consen_fa.DQ127537,B
B.US.x.AC_59_41_Days_Seq2_fa.DQ127549,B
B.US.x.F703.DQ886031,B
B.US.x.F7174.DQ886032,B
B.US.x.F7204.DQ886033,B
B.US.x.L8146.DQ886034,B
B.US.x.L8157.DQ886035,B
B.US.x.L8185.DQ886036,B
B.US.x.L8249.DQ886037,B
B.UY.01.01UYTRA1092.AY781126,B
B.UY.01.01UYTRA1179.AY781127,B
B.YE.02.02YE507.AY795904,B
B.YE.02.02YE508.AY795905,B
B.ZA.03.03ZAPS045MB2.DQ396398,B
C.AR.01.ARG4006.AY563170,C
C.BR.04.04BR013.AY727522,C
C.BR.04.04BR021.AY727523,C
C.BR.04.04BR038.AY727524,C
C.BR.04.04BR073.AY727525,C
C.BR.92.BR025_d.U52953,C
C.BR.98.98BR004.AF286228,C
C.BW.00.00BW07621.AF443088,C
C.BW.00.00BW076820.AF443089,C
C.BW.00.00BW087421.AF443090,C
C.BW.00.00BW147127.AF443091,C
C.BW.00.00BW16162.AF443092,C
C.BW.00.00BW1686.AF443093,C
C.BW.00.00BW17593.AF443094,C
C.BW.00.00BW17732.AF443095,C
C.BW.00.00BW17835.AF443096,C
C.BW.00.00BW17956.AF443097,C
C.BW.00.00BW18113.AF443098,C
C.BW.00.00BW18595.AF443099,C
C.BW.00.00BW18802.AF443100,C
C.BW.00.00BW192113.AF443101,C
C.BW.00.00BW20361.AF443102,C
C.BW.00.00BW20636.AF443103,C
C.BW.00.00BW20872.AF443104,C
C.BW.00.00BW2127214.AF443105,C
C.BW.00.00BW22767.AF443107,C
C.BW.00.00BW38193.AF443108,C
C.BW.00.00BW38428.AF443109,C
C.BW.00.00BW38713.AF443110,C
C.BW.00.00BW3876_9.AF443111,C
C.BW.00.00BW3886_8.AF443112,C
C.BW.00.00BW3891_6.AF443113,C
C.BW.00.00BW3970_2.AF443114,C
C.BW.00.00BW5031_1.AF443115,C
C.BW.96.96BW01B03.AF110959,C
C.BW.96.96BW0402.AF110962,C
C.BW.96.96BW0502.AF110967,C
C.BW.96.96BW06.AF290028,C
C.BW.96.96BW1104.AF110969,C
C.BW.96.96BW1210.AF110972,C
C.BW.96.96BW15C02.AF110974,C
C.BW.96.96BW16B01.AF110976,C
C.BW.96.96BW17.AF110980,C
C.BW.96.96BWM032.AF443075,C
C.BW.96.96BWMO1_5.AF443074,C
C.BW.98.98BWMC122.AF443076,C
C.BW.98.98BWMC134.AF443077,C
C.BW.98.98BWMC14A3.AF443078,C
C.BW.98.98BWMO1410.AF443079,C
C.BW.98.98BWMO18D5.AF443080,C
C.BW.98.98BWMO36A5.AF443081,C
C.BW.98.98BWMO37D5.AF443082,C
C.BW.99.99BW393212.AF443083,C
C.BW.99.99BW46424.AF443084,C
C.BW.99.99BW4745.AF443085,C
C.BW.99.99BW47547.AF443086,C
C.BW.99.99BWMC168.AF443087,C
C.CN.98.YNRL9840.AY967806,C
C.DK.x.CTL_015.EF514713,C
C.ET.02.02ET_288.AY713417,C
C.ET.86.ETH2220.U46016,C
C.GE.03.03GEMZ033.DQ207941,C
C.IL.98.98IS002.AF286233,C
C.IL.99.99ET14.AY255825,C
C.IL.99.99ET17.AY255826,C
C.IL.99.99ET1.AY255823,C
C.IL.99.99ET3.AY255827,C
C.IL.99.99ET7.AY255824,C
C.IN.03.D24.EF469243,C
C.IN.93.93IN101.AB023804,C
C.IN.93.93IN904.AF067157,C
C.IN.93.93IN905.AF067158,C
C.IN.93.93IN9999.AF067154,C
C.IN.94.94IN11246.AF067159,C
C.IN.94.94IN476.AF286223,C
C.IN.94.94IN_20635_4.AY713414,C
C.IN.95.95IN21068.AF067155,C
C.IN.98.98IN012.AF286231,C
C.IN.98.98IN022.AF286232,C
C.IN.99.01IN565_10.AY049708,C
C.IN.x.VB39.EF694033,C
C.IN.x.VB49.EF694036,C
C.KE.00.KER2010.AF457054,C
C.KE.91.KNH1268.AY945738,C
C.MM.99.mIDU101_3.AB097871,C
C.MW.93.93MW_965.AY713413,C
C.SN.90.90SE_364.AY713416,C
C.SO.89.89SM_145.AY713415,C
C.TZ.01.A125.AY253304,C
C.TZ.01.A207.AY253307,C
C.TZ.01.A246.AY253308,C
C.TZ.01.A260.AY253310,C
C.TZ.01.A301.AY253312,C
C.TZ.01.A388.AY253317,C
C.TZ.01.A93.AY253303,C
C.TZ.01.BD16_10.AY253320,C
C.TZ.01.BD22_11.AY253321,C
C.TZ.01.BD39_8.AY253313,C
C.TZ.01.BD9_11.AY253322,C
C.TZ.02.CO178.AY734556,C
C.TZ.02.CO3056.AY734550,C
C.TZ.02.CO328.AY734551,C
C.TZ.02.CO3305.AY734558,C
C.TZ.02.CO6130.AY734559,C
C.TZ.02.CO6721.AY734560,C
C.TZ.97.97TZ04.AF361874,C
C.TZ.97.97TZ05.AF361875,C
C.TZ.98.98TZ013.AF286234,C
C.TZ.98.98TZ017.AF286235,C
C.US.98.98US_MSC3018.AY444800,C
C.US.98.98US_MSC5016.AY444801,C
C.UY.01.TRA3011.AY563169,C
C.YE.02.02YE511.AY795906,C
C.ZA.00.1069MB.AY838567,C
C.ZA.00.1119MB.AY463229,C
C.ZA.00.1134MB.AY463217,C
C.ZA.00.1157M3M.AY585266,C
C.ZA.00.1162MB.AY463224,C
C.ZA.00.1165MB.AY463230,C
C.ZA.00.1168MB.AY463231,C
C.ZA.00.1170MB.AY463225,C
C.ZA.00.1171MB.AY463232,C
C.ZA.00.1176MB.AY463218,C
C.ZA.00.1178MB.AY463233,C
C.ZA.00.1184MB.AY838566,C
C.ZA.00.1189MB.AY838565,C
C.ZA.00.1192M3M.AY463219,C
C.ZA.00.1195MB.AY463220,C
C.ZA.00.1197MB.AY463234,C
C.ZA.00.1210MB.AY463221,C
C.ZA.00.1214MB.AY463236,C
C.ZA.00.1217MB.AY463226,C
C.ZA.00.1225MB.AY463227,C
C.ZA.00.1228MB.AY463222,C
C.ZA.00.J112MA.AY838568,C
C.ZA.00.J38MA.AY463228,C
C.ZA.01.01ZATM45.AY228557,C
C.ZA.01.2134MB.AY463237,C
C.ZA.01.J54Ma.AY463223,C
C.ZA.02.02ZAPS001MB1.DQ275648,C
C.ZA.02.02ZAPS005MB1.DQ351235,C
C.ZA.02.02ZAPS006MB1.DQ351220,C
C.ZA.02.02ZAPS008MB1.DQ275647,C
C.ZA.02.02ZAPS013MB1.DQ351222,C
C.ZA.02.02ZAPS014MB1.DQ351218,C
C.ZA.02.02ZAPS015MB1.DQ369995,C
C.ZA.03.03ZAPS017MB1.DQ351224,C
C.ZA.03.03ZAPS020MB1.DQ275653,C
C.ZA.03.03ZAPS021MB1.DQ369978,C
C.ZA.03.03ZAPS023MB1.DQ351225,C
C.ZA.03.03ZAPS024MB1.DQ396367,C
C.ZA.03.03ZAPS025MB1.DQ351226,C
C.ZA.03.03ZAPS026MB1.DQ369985,C
C.ZA.03.03ZAPS027MB1.DQ351223,C
C.ZA.03.03ZAPS030MB1.DQ369996,C
C.ZA.03.03ZAPS032MB1.DQ445633,C
C.ZA.03.03ZAPS034MB1.DQ369979,C
C.ZA.03.03ZAPS042MB1.DQ369977,C
C.ZA.03.03ZAPS043MB1.DQ351227,C
C.ZA.03.03ZAPS044MB1.DQ396384,C
C.ZA.03.03ZAPS046MB1.DQ369984,C
C.ZA.03.03ZAPS048MB1.DQ396364,C
C.ZA.03.03ZAPS049MB1.DQ369986,C
C.ZA.03.03ZAPS050MB1.DQ369980,C
C.ZA.03.03ZAPS051MB1.DQ396385,C
C.ZA.03.03ZAPS052MB1.DQ369987,C
C.ZA.03.03ZAPS054MB2.DQ369988,C
C.ZA.03.03ZAPS055MB1.DQ396373,C
C.ZA.03.03ZAPS056MB1.DQ396374,C
C.ZA.03.03ZAPS057MB2.DQ369989,C
C.ZA.03.03ZAPS059MB2.DQ445634,C
C.ZA.03.03ZAPS063MB1.DQ396388,C
C.ZA.03.03ZAPS066MB2.DQ396375,C
C.ZA.03.03ZAPS067MB2.DQ396389,C
C.ZA.03.03ZAPS071MB1.DQ396376,C
C.ZA.03.03ZAPS073MB1.DQ275649,C
C.ZA.03.03ZAPS074MB2.DQ351228,C
C.ZA.03.03ZAPS077B1.DQ093591,C
C.ZA.03.03ZAPS079B1.DQ093592,C
C.ZA.03.03ZAPS081MB1.DQ351219,C
C.ZA.03.03ZAPS083MB1.DQ351229,C
C.ZA.03.03ZAPS086MB1.DQ275654,C
C.ZA.03.03ZAPS088MB1.DQ275651,C
C.ZA.03.03ZAPS089MB1.DQ351216,C
C.ZA.03.03ZAPS091MB1.DQ275645,C
C.ZA.03.03ZAPS094MB1.DQ396377,C
C.ZA.03.03ZAPS095MB1.DQ275652,C
C.ZA.03.03ZAPS097MB1.DQ351230,C
C.ZA.03.03ZAPS099MB1.DQ275655,C
C.ZA.03.03ZAPS103MB2.DQ275656,C
C.ZA.03.03ZAPS104MB1.DQ369990,C
C.ZA.03.03ZAPS105MB2.DQ445632,C
C.ZA.03.03ZAPS108MB1.DQ396378,C
C.ZA.03.03ZAPS112MB2.DQ396386,C
C.ZA.03.03ZAPS113MB2.DQ396365,C
C.ZA.03.03ZAPS116MB1.DQ445635,C
C.ZA.03.03ZAPS118MB1.DQ396368,C
C.ZA.03.03ZAPS122MB1.DQ396370,C
C.ZA.03.03ZAPS123MB1.DQ396369,C
C.ZA.03.03ZAPS124MB1.DQ369976,C
C.ZA.03.03ZAPS125MB1.DQ396390,C
C.ZA.03.03ZAPS126MB1.DQ275657,C
C.ZA.03.03ZAPS128MB1.DQ275643,C
C.ZA.03.03ZAPS130MB1.DQ275658,C
C.ZA.03.03ZAPS131MB1.DQ396380,C
C.ZA.03.03ZAPS133MB1.DQ275646,C
C.ZA.03.03ZAPS136MB1.DQ351231,C
C.ZA.03.03ZAPS140MB1.DQ369981,C
C.ZA.03.03ZAPS143MB1.DQ396391,C
C.ZA.03.03ZAPS151MB1.DQ396392,C
C.ZA.03.03ZAPS152MB1.DQ396399,C
C.ZA.03.03ZAPS155MB1.DQ396371,C
C.ZA.03.03ZASK005B2.DQ011175,C
C.ZA.03.03ZASK006B2.AY878056,C
C.ZA.03.03ZASK010B2.DQ164104,C
C.ZA.03.03ZASK011B2.AY901965,C
C.ZA.03.03ZASK013B2.DQ275660,C
C.ZA.03.03ZASK016MB2.DQ351233,C
C.ZA.03.03ZASK019B2.AY878063,C
C.ZA.03.03ZASK020B2.AY878064,C
C.ZA.03.03ZASK026B2.DQ011165,C
C.ZA.03.03ZASK034B1.AY878065,C
C.ZA.03.03ZASK036B1.AY901966,C
C.ZA.03.03ZASK039B2.AY878068,C
C.ZA.03.03ZASK058B2.AY901967,C
C.ZA.03.03ZASK061B1.AY901968,C
C.ZA.03.03ZASK062B1.DQ164113,C
C.ZA.03.03ZASK066B1.AY901969,C
C.ZA.03.03ZASK067B1.DQ275642,C
C.ZA.03.03ZASK072B1.DQ093593,C
C.ZA.03.03ZASK073B1.AY901970,C
C.ZA.03.03ZASK076B1.AY901975,C
C.ZA.03.03ZASK078B1.AY901971,C
C.ZA.03.03ZASK084B1.AY901981,C
C.ZA.03.03ZASK085B1.DQ275663,C
C.ZA.03.03ZASK092B1.AY878057,C
C.ZA.03.03ZASK094B1.AY878070,C
C.ZA.03.03ZASK097B1.AY878060,C
C.ZA.03.03ZASK098B1.AY878061,C
C.ZA.03.03ZASK103B1.DQ164106,C
C.ZA.03.03ZASK104B1.DQ396395,C
C.ZA.03.03ZASK107B1.DQ056410,C
C.ZA.03.03ZASK110B1.DQ056411,C
C.ZA.03.03ZASK111B1.DQ056404,C
C.ZA.03.03ZASK113B1.DQ351237,C
C.ZA.03.03ZASK117B1.DQ056408,C
C.ZA.03.03ZASK118B1.DQ011169,C
C.ZA.03.03ZASK120B1.DQ011176,C
C.ZA.03.03ZASK211B1.DQ093601,C
C.ZA.03.03ZASK212B.DQ978981,C
C.ZA.03.03ZASK213B1.DQ093607,C
C.ZA.03.03ZASK215M6W.DQ275661,C
C.ZA.03.03ZASK223B1.DQ093597,C
C.ZA.03.03ZASK224MB1.DQ275664,C
C.ZA.03.03ZASK226B1.DQ164108,C
C.ZA.03.03ZASK232B1.DQ093589,C
C.ZA.03.03ZASK233B1.DQ351234,C
C.ZA.03.04ZAPS016MB1.DQ275644,C
C.ZA.03.04ZAPS194MB1.DQ275650,C
C.ZA.03.04ZASK082B1.AY901972,C
C.ZA.03.SK023B2.AY772690,C
C.ZA.03.SK029B2.AY772691,C
C.ZA.03.SK033B2.AY772692,C
C.ZA.03.SK040B1.AY703908,C
C.ZA.03.SK041B1.AY772693,C
C.ZA.03.SK043B1.AY772700,C
C.ZA.03.SK065B1.AY772694,C
C.ZA.03.SK112B1.AY772695,C
C.ZA.03.SK116B1.AY772696,C
C.ZA.04.04ZAPS157MB1.DQ351232,C
C.ZA.04.04ZAPS160B1.DQ164107,C
C.ZA.04.04ZAPS161B1.DQ164115,C
C.ZA.04.04ZAPS165MB1.DQ351221,C
C.ZA.04.04ZAPS168B1.DQ164121,C
C.ZA.04.04ZAPS169MB1.DQ396393,C
C.ZA.04.04ZAPS170B1.DQ164116,C
C.ZA.04.04ZAPS172MB1.DQ275659,C
C.ZA.04.04ZAPS177MB1.DQ396394,C
C.ZA.04.04ZAPS188B1.DQ164122,C
C.ZA.04.04ZAPS189B1.DQ164117,C
C.ZA.04.04ZAPS190B1.DQ093602,C
C.ZA.04.04ZAPS193B1.DQ164109,C
C.ZA.04.04ZAPS195B1.DQ164118,C
C.ZA.04.04ZAPS197MB1.DQ369997,C
C.ZA.04.04ZAPS198MB1.DQ445637,C
C.ZA.04.04ZAPS199B1.DQ164110,C
C.ZA.04.04ZAPS201B1.DQ164111,C
C.ZA.04.04ZAPS202B1.DQ093598,C
C.ZA.04.04ZAPS205B1.DQ093599,C
C.ZA.04.04ZAPS206B1.DQ164126,C
C.ZA.04.04ZAPS208B1.DQ093603,C
C.ZA.04.04ZAPS211B1.DQ164112,C
C.ZA.04.04ZAPS214B1.DQ093588,C
C.ZA.04.04ZAPS216B1.DQ093600,C
C.ZA.04.04ZAPS217B1.DQ164119,C
C.ZA.04.04ZASK031B2.AY901974,C
C.ZA.04.04ZASK052MB2.DQ396366,C
C.ZA.04.04ZASK083B2.DQ093585,C
C.ZA.04.04ZASK127B1.DQ011172,C
C.ZA.04.04ZASK128B1.DQ093586,C
C.ZA.04.04ZASK131B1.DQ056412,C
C.ZA.04.04ZASK132B1.DQ093594,C
C.ZA.04.04ZASK135B1.DQ011166,C
C.ZA.04.04ZASK136B1.DQ011177,C
C.ZA.04.04ZASK137B1.DQ164105,C
C.ZA.04.04ZASK139B1.AY878072,C
C.ZA.04.04ZASK142B1.DQ011167,C
C.ZA.04.04ZASK145B1.AY901976,C
C.ZA.04.04ZASK147B1.DQ164114,C
C.ZA.04.04ZASK148B1.DQ093590,C
C.ZA.04.04ZASK150B1.DQ011178,C
C.ZA.04.04ZASK151B1.AY901977,C
C.ZA.04.04ZASK152MB1.DQ445631,C
C.ZA.04.04ZASK154B1.AY878071,C
C.ZA.04.04ZASK155B1.AY901978,C
C.ZA.04.04ZASK156B1.DQ011171,C
C.ZA.04.04ZASK159B1.DQ011179,C
C.ZA.04.04ZASK160B1.DQ011173,C
C.ZA.04.04ZASK161B1.DQ011170,C
C.ZA.04.04ZASK163B1.AY901979,C
C.ZA.04.04ZASK164B1.DQ056405,C
C.ZA.04.04ZASK165B1.DQ396387,C
C.ZA.04.04ZASK167B1.DQ164127,C
C.ZA.04.04ZASK168B1.AY878058,C
C.ZA.04.04ZASK169B1.DQ396381,C
C.ZA.04.04ZASK170B1.DQ093595,C
C.ZA.04.04ZASK171B1.DQ351217,C
C.ZA.04.04ZASK172B1.DQ369998,C
C.ZA.04.04ZASK173B1.DQ093604,C
C.ZA.04.04ZASK174B1.AY901980,C
C.ZA.04.04ZASK175B1.DQ164129,C
C.ZA.04.04ZASK176B1.DQ056416,C
C.ZA.04.04ZASK178B1.DQ093587,C
C.ZA.04.04ZASK180B1.AY878059,C
C.ZA.04.04ZASK181B1.AY878062,C
C.ZA.04.04ZASK182B1.AY878054,C
C.ZA.04.04ZASK183B1.AY878055,C
C.ZA.04.04ZASK184B1.DQ056418,C
C.ZA.04.04ZASK185B1.DQ011174,C
C.ZA.04.04ZASK190B1.DQ056409,C
C.ZA.04.04ZASK191B1.DQ369993,C
C.ZA.04.04ZASK192B1.DQ396382,C
C.ZA.04.04ZASK193B1.DQ396396,C
C.ZA.04.04ZASK196B1.DQ056413,C
C.ZA.04.04ZASK200B1.DQ396383,C
C.ZA.04.04ZASK201B1.DQ396397,C
C.ZA.04.04ZASK202B1.DQ011180,C
C.ZA.04.04ZASK204B1.DQ056414,C
C.ZA.04.04ZASK206B1.DQ056415,C
C.ZA.04.04ZASK208B1.DQ056406,C
C.ZA.04.04ZASK217B1.DQ056417,C
C.ZA.04.04ZASK234B1.DQ093605,C
C.ZA.04.SK133B1.AY772698,C
C.ZA.04.SK134B1.AY703909,C
C.ZA.04.SK140B1.AY901973,C
C.ZA.04.SK143B1.AY703910,C
C.ZA.04.SK144B1.AY703911,C
C.ZA.04.SK164B1.AY772699,C
C.ZA.05.05ZAPSK240B1.DQ369991,C
C.ZA.05.05ZASK243B1.DQ396372,C
C.ZA.05.05ZASK244B1.DQ369992,C
C.ZA.05.05ZASK245B1.DQ369982,C
C.ZA.05.05ZASK246B1.DQ369983,C
C.ZA.05.05ZASK247B1.DQ369994,C
C.ZA.97.97ZA003.AY118165,C
C.ZA.97.97ZA009.AY118166,C
C.ZA.97.97ZA012.AF286227,C
C.ZA.98.98ZA445.AY158533,C
C.ZA.98.98ZA502.AY158534,C
C.ZA.98.98ZA528.AY158535,C
C.ZA.98.CTSC2.AY043176,C
C.ZA.98.TV001.AY162223,C
C.ZA.98.TV002.AY162224,C
C.ZA.98.TV012.AY162225,C
C.ZA.99.99ZACM9.AF411967,C
C.ZA.99.99ZATM10.AY228556,C
C.ZA.99.DU151.AY043173,C
C.ZA.99.DU179.AY043174,C
C.ZA.99.DU422.AY043175,C
C.ZA.99.ZASW7.AF411966,C
C.ZM.02.02ZM108.AB254141,C
C.ZM.02.02ZM110.AB254142,C
C.ZM.02.02ZM114.AB254146,C
C.ZM.02.02ZM115.AB254148,C
C.ZM.02.02ZMBC.AB254149,C
C.ZM.02.02ZMDB.AB254153,C
C.ZM.02.02ZMJC.AB254155,C
C.ZM.96.96ZM651.AF286224,C
C.ZM.96.96ZM751.AF286225,C
C.ZM.x.HIV1084i.AY805330,C
D.CD.83.ELI.K03454,D
D.CD.83.NDK.M27323,D
D.CD.84.84ZR085.U88822,D
D.CD.85.Z2Z6.M22639,D
D.CM.01.01CM_0009BBY.AY371155,D
D.CM.01.01CM_0175BA.AY371156,D
D.CM.01.01CM_4412HAL.AY371157,D
D.KE.01.NKU3006.AF457090,D
D.KE.93.MB2059.AF133821,D
D.KE.97.ML415_2.AY322189,D
D.KR.04.04KBH8.DQ054367,D
D.TD.99.MN011.AJ488926,D
D.TD.99.MN012.AJ488927,D
D.TZ.01.A280.AY253311,D
D.UG.92.92UG001.AJ320484,D
D.UG.93.93UG_065.AY713418,D
D.UG.94.94UG114.U88824,D
D.UG.98.98UG57128.AF484502,D
D.UG.98.98UG57131.AF484505,D
D.UG.98.98UG57132.AF484506,D
D.UG.98.98UG57140.AF484511,D
D.UG.98.98UG57143.AF484514,D
D.UG.98.98UG57146.AF484513,D
D.UG.98.99UGJ32228.AF484516,D
D.UG.99.99UGA03349.AF484518,D
D.UG.99.99UGA07412.AF484477,D
D.UG.99.99UGA08483.AY304496,D
D.UG.99.99UGB21875.AF484480,D
D.UG.99.99UGB25647.AF484481,D
D.UG.99.99UGB32394.AF484483,D
D.UG.99.99UGD23550.AF484485,D
D.UG.99.99UGD26830.AF484486,D
D.UG.99.99UGE08364.AF484487,D
D.UG.99.99UGE13613.AF484515,D
D.UG.99.99UGE23438.AF484489,D
D.UG.99.99UGF03726.AF484519,D
D.UG.99.99UGF05734.AF484490,D
D.UG.99.99UGG10555.AF484494,D
D.UG.99.99UGG35093.AF484495,D
D.UG.99.99UGJ27597.AF484497,D
D.UG.99.99UGK09259.AF484498,D
D.UG.99.99UGK09958.AF484499,D
D.YE.01.01YE386.AY795903,D
D.YE.02.02YE516.AY795907,D
D.ZA.84.R2.AY773338,D
D.ZA.85.R214.AY773339,D
D.ZA.85.R286.AY773340,D
D.ZA.86.R482.AY773341,D
D.ZA.90.R1.EF633445,D
F1.AR.02.ARE933.DQ189088,F1
F1.BE.93.VI850.AF077336,F1
F1.BR.89.BZ126.AY173957,F1
F1.BR.89.BZ163.AY173958,F1
F1.BR.93.93BR020_1.AF005494,F1
F1.ES.x.P1146.DQ979023,F1
F1.ES.x.X1093_2.DQ979025,F1
F1.ES.x.X1670.DQ979024,F1
F1.FI.93.FIN9363.AF075703,F1
F1.FR.96.MP411.AJ249238,F1
F2.CM.02.02CM_0016BBY.AY371158,F2
F2.CM.95.MP255.AJ249236,F2
F2.CM.95.MP257.AJ249237,F2
F2.CM.97.CM53657.AF377956,F2
G.BE.96.DRCBL.AF084936,G
G.CM.01.01CM_4049HAN.AY371121,G
G.CM.96.96CMABB55.AY772535,G
G.CU.99.Cu74.AY586547,G
G.CU.99.Cu85.AY586548,G
G.CU.99.Cu87.AY586549,G
G.ES.00.X558.AF423760,G
G.ES.99.X138.AF450098,G
G.GH.03.03GH175G.AB287004,G
G.KE.93.HH8793_12_1.AF061641,G
G.NG.01.01NGPL0669.DQ168576,G
G.NG.01.01NGPL0674.DQ168575,G
G.NG.01.01NGPL0760.DQ168579,G
G.NG.01.PL0567.DQ168573,G
G.NG.92.92NG083.U88826,G
G.PT.x.PT2695.AY612637,G
G.SE.93.SE6165.AF061642,G
H.BE.93.VI991.AF190127,H
H.BE.93.VI997.AF190128,H
H.CF.90.056.AF005496,H
J.CD.97.J_97DC_KTB147.EF614151,J
J.SE.93.SE7887.AF082394,J
J.SE.94.SE7022.AF082395,J
K.CD.97.EQTB11C.AJ249235,K
K.CM.96.MP535.AJ249239,K
01_AE.CF.90.90CF11697.AF197340,01_AE
01_AE.CF.90.90CF402.U51188,01_AE
01_AE.CF.90.90CF4071.AF197341,01_AE
01_AE.CN.05.FJ051.DQ859178,01_AE
01_AE.CN.05.FJ053.DQ859179,01_AE
01_AE.CN.05.Fj052.EF036528,01_AE
01_AE.CN.05.Fj055.EF036527,01_AE
01_AE.CN.05.Fj056.EF036529,01_AE
01_AE.CN.05.Fj057.EF036530,01_AE
01_AE.CN.05.Fj065.EF036534,01_AE
01_AE.CN.05.Fj066.EF036535,01_AE
01_AE.CN.06.FJ054.DQ859180,01_AE
01_AE.CN.06.Fj062.EF036531,01_AE
01_AE.CN.06.Fj063.EF036532,01_AE
01_AE.CN.06.Fj064.EF036533,01_AE
01_AE.CN.97.97CNGX2F.AY008714,01_AE
01_AE.CN.97.97CNGX_11F.AY008718,01_AE
01_AE.HK.x.HK001.DQ234790,01_AE
01_AE.JP.93.93JP_NH1.AB052995,01_AE
01_AE.JP.x.DR0492.AB253423,01_AE
01_AE.JP.x.DR2594.AB253660,01_AE
01_AE.JP.x.DR6824.AB253426,01_AE
01_AE.TH.00.00TH_C2101.AY945716,01_AE
01_AE.TH.00.00TH_C2257.AY945717,01_AE
01_AE.TH.00.00TH_C3347.AY945721,01_AE
01_AE.TH.00.00TH_C4118.AY945722,01_AE
01_AE.TH.00.00TH_C4151.AY945724,01_AE
01_AE.TH.00.00TH_C4382.AY945725,01_AE
01_AE.TH.00.C1705.DQ789392,01_AE
01_AE.TH.00.OUR595I.AY358052,01_AE
01_AE.TH.00.OUR661I.AY358057,01_AE
01_AE.TH.00.OUR721I.AY358067,01_AE
01_AE.TH.00.OUR724I.AY358060,01_AE
01_AE.TH.00.OUR746I.AY358061,01_AE
01_AE.TH.00.OUR810I.AY358063,01_AE
01_AE.TH.01.01TH_C1436.AY945713,01_AE
01_AE.TH.01.01TH_C2570.AY945719,01_AE
01_AE.TH.01.01TH_C3256.AY945720,01_AE
01_AE.TH.01.01TH_R2184.AY945730,01_AE
01_AE.TH.01.OUR414I.AY358050,01_AE
01_AE.TH.01.OUR609I.AY358040,01_AE
01_AE.TH.01.OUR642I.AY358041,01_AE
01_AE.TH.01.OUR647I.AY358056,01_AE
01_AE.TH.01.OUR702I.AY358059,01_AE
01_AE.TH.01.OUR786I.AY358036,01_AE
01_AE.TH.01.OUR788I.AY358068,01_AE
01_AE.TH.01.OUR830I.AY358064,01_AE
01_AE.TH.02.OUR769I.AY358062,01_AE
01_AE.TH.04.BKM.DQ314732,01_AE
01_AE.TH.90.90TH_CM244.AY713425,01_AE
01_AE.TH.90.CM235.AF259955,01_AE
01_AE.TH.90.CM240.U54771,01_AE
01_AE.TH.93.93TH051.AB220944,01_AE
01_AE.TH.93.93TH054.AB220945,01_AE
01_AE.TH.93.93TH057.AB253424,01_AE
01_AE.TH.93.93TH060.AB220946,01_AE
01_AE.TH.93.93TH062.AB220947,01_AE
01_AE.TH.93.93TH065.AB220948,01_AE
01_AE.TH.93.93TH253.U51189,01_AE
01_AE.TH.93.93TH9021.AF164485,01_AE
01_AE.TH.95.95TNIH022.AB032740,01_AE
01_AE.TH.95.95TNIH047.AB032741,01_AE
01_AE.TH.96.96TH_M02138.AY713424,01_AE
01_AE.TH.96.96TH_NI1149.AY713426,01_AE
01_AE.TH.96.96TH_NP1046.AY713421,01_AE
01_AE.TH.97.97TH6_107.AY125894,01_AE
01_AE.TH.97.97TH_NP1525.AY713420,01_AE
01_AE.TH.97.97TH_NP1695.AY713419,01_AE
01_AE.TH.98.98TH_NP1251.AY713422,01_AE
01_AE.TH.98.98TH_R1166.AY945728,01_AE
01_AE.TH.99.99TH_C1080.AY945712,01_AE
01_AE.TH.99.99TH_C2405.AY945718,01_AE
01_AE.TH.99.99TH_C4460.AY945726,01_AE
01_AE.TH.99.99TH_NI1052.AY713423,01_AE
01_AE.TH.99.99TH_R1149.AY945727,01_AE
01_AE.TH.99.99TH_R3006.AY945731,01_AE
01_AE.TH.99.99TH_R3265.AY945732,01_AE
01_AE.TH.99.OUR044I.AY358042,01_AE
01_AE.TH.99.OUR066I.AY358043,01_AE
01_AE.TH.99.OUR098I.AY358044,01_AE
01_AE.TH.99.OUR199I.AY358039,01_AE
01_AE.TH.99.OUR258I.AY358049,01_AE
01_AE.TH.99.OUR422I.AY358051,01_AE
01_AE.US.00.00US_MSC1164.AY444804,01_AE
01_AE.US.98.98US_MSC1120.AY444803,01_AE
01_AE.US.98.98US_MSC2008.AY444805,01_AE
01_AE.US.98.98US_MSC3012.AY444806,01_AE
O.BE.87.ANT70.L20587,O
O.CM.91.MVP5180.L20571,O
O.CM.96.96CMA102.AY169803,O
O.CM.96.96CMABB009.AY169806,O
O.CM.96.96CMABB637.AY169810,O
O.CM.97.97CMABB447.AY169813,O
O.CM.97.97CMABB497.AY169809,O
O.CM.98.98CMA104.AY169802,O
O.CM.98.98CMA105.AY169816,O
O.CM.98.98CMABB141.AY169807,O
O.CM.98.98CMABB197.AY169811,O
O.CM.98.98CMABB212.AY169804,O
O.CM.98.98CMU2901.AY169812,O
O.CM.98.98CMU5337.AY169808,O
O.CM.99.99CMU4122.AY169815,O
O.CM.x.pCMO2_3.AY618998,O
O.FR.92.VAU.AF407418,O
O.SN.99.SEMP1299.AJ302646,O
O.SN.99.SEMP1300.AJ302647,O
O.US.97.97US08692A.AY169805,O
O.US.99.99USTWLA.AY169814,O
CPZ.CD.90.ANT.U42720,CPZ
CPZ.CM.01.SIVcpzCAM13.AY169968,CPZ
CPZ.CM.05.SIVcpzEK505.DQ373065,CPZ
CPZ.CM.05.SIVcpzLB7.DQ373064,CPZ
CPZ.CM.05.SIVcpzMB66.DQ373063,CPZ
CPZ.CM.05.SIVcpzMT145.DQ373066,CPZ
CPZ.GA.88.GAB1.X52154,CPZ
CPZ.TZ.01.TAN1.AF447763,CPZ
CPZ.US.85.CPZUS.AF103818,CPZ
